TransactionID,UserID,BookID,IssueDate,DueDate,ReturnDate
T35908,U001,B375,2026-03-16,2026-03-30,2026-04-12
T21079,U001,B130,2026-04-06,2026-04-20,2026-04-19
T74324,U001,B777,2026-02-17,2026-03-03,2026-03-03
T42379,U001,B828,2026-02-05,2026-02-19,2026-02-18
T64730,U002,B267,2026-03-04,2026-03-18,2026-03-10
T65570,U002,B166,2026-02-07,2026-02-21,2026-02-17
T70449,U002,B509,2026-02-11,2026-02-25,
T25445,U002,B497,2026-01-28,2026-02-11,2026-02-16
T89556,U003,B401,2026-01-20,2026-02-03,2026-02-06
T47090,U004,B144,2026-03-01,2026-03-15,2026-03-21
T90294,U005,B320,2026-01-17,2026-01-31,
T54108,U005,B729,2026-01-24,2026-02-07,
T14719,U006,B168,2026-02-26,2026-03-12,2026-03-09
T67234,U006,B251,2026-02-24,2026-03-10,2026-03-08
T40813,U006,B448,2026-03-15,2026-03-29,2026-04-07
T64258,U006,B373,2026-01-24,2026-02-07,2026-02-13
T50211,U007,B351,2026-02-16,2026-03-02,2026-02-25
T87496,U007,B868,2026-02-05,2026-02-19,
T45323,U007,B629,2026-03-10,2026-03-24,2026-03-22
T10870,U008,B689,2026-02-27,2026-03-13,2026-03-11
T50472,U008,B611,2026-01-09,2026-01-23,2026-01-26
T63109,U008,B553,2026-03-07,2026-03-21,
T29132,U009,B785,2026-02-25,2026-03-11,2026-03-19
T72276,U009,B344,2026-02-14,2026-02-28,2026-02-27
T83506,U009,B353,2026-02-04,2026-02-18,2026-02-15
T69065,U009,B887,2026-02-15,2026-03-01,2026-03-13
T95073,U010,B831,2026-01-21,2026-02-04,2026-01-26
T57319,U010,B860,2026-02-14,2026-02-28,2026-03-14
T94234,U010,B277,2026-01-21,2026-02-04,2026-02-09
T95307,U011,B521,2026-03-25,2026-04-08,2026-04-21
T92943,U011,B380,2026-02-25,2026-03-11,2026-03-25
T51390,U012,B208,2026-03-15,2026-03-29,
T79282,U013,B124,2026-01-12,2026-01-26,
T60338,U014,B438,2026-03-28,2026-04-11,2026-04-11
T51241,U014,B507,2026-02-15,2026-03-01,
T16047,U014,B674,2026-02-02,2026-02-16,
T10047,U014,B793,2026-03-22,2026-04-05,2026-04-12
T90223,U015,B594,2026-01-16,2026-01-30,
T84357,U015,B859,2026-03-06,2026-03-20,2026-03-27
T38698,U016,B926,2026-01-15,2026-01-29,
T93583,U016,B581,2026-02-13,2026-02-27,2026-02-20
T97304,U016,B106,2026-01-07,2026-01-21,2026-01-24
T24607,U016,B286,2026-02-15,2026-03-01,2026-02-20
T11145,U017,B687,2026-03-10,2026-03-24,2026-03-21
T87381,U017,B417,2026-02-05,2026-02-19,
T69318,U018,B508,2026-01-19,2026-02-02,
T51612,U018,B982,2026-01-10,2026-01-24,2026-01-23
T97734,U018,B815,2026-01-22,2026-02-05,2026-02-17
T34854,U018,B123,2026-02-20,2026-03-06,2026-02-26
T38347,U019,B297,2026-01-26,2026-02-09,2026-02-19
T12453,U019,B485,2026-02-21,2026-03-07,2026-03-10
T18984,U020,B169,2026-03-05,2026-03-19,2026-04-01
T37038,U020,B282,2026-03-18,2026-04-01,
T39373,U020,B549,2026-03-07,2026-03-21,2026-03-13
T34100,U021,B250,2026-02-18,2026-03-04,
T12734,U022,B301,2026-03-21,2026-04-04,2026-04-20
T93606,U022,B793,2026-03-24,2026-04-07,
T59327,U022,B948,2026-03-30,2026-04-13,
T39416,U023,B927,2026-03-25,2026-04-08,
T36301,U023,B353,2026-03-04,2026-03-18,2026-03-18
T26142,U024,B366,2026-01-18,2026-02-01,2026-02-07
T64111,U025,B162,2026-03-14,2026-03-28,
T44768,U025,B183,2026-03-23,2026-04-06,2026-04-07
T63376,U025,B275,2026-02-26,2026-03-12,2026-03-13
T24217,U026,B671,2026-01-11,2026-01-25,2026-01-28
T31347,U027,B657,2026-03-03,2026-03-17,
T70027,U028,B457,2026-01-12,2026-01-26,
T55687,U028,B956,2026-03-14,2026-03-28,2026-03-30
T41898,U028,B679,2026-01-13,2026-01-27,
T11691,U028,B496,2026-04-06,2026-04-20,2026-05-04
T74822,U029,B965,2026-02-26,2026-03-12,
T10382,U029,B542,2026-03-09,2026-03-23,2026-03-18
T93950,U029,B252,2026-02-28,2026-03-14,
T48080,U030,B920,2026-03-12,2026-03-26,
T40697,U030,B524,2026-02-07,2026-02-21,2026-02-20
T52495,U030,B364,2026-02-14,2026-02-28,2026-03-01
T42275,U030,B484,2026-01-19,2026-02-02,
T98338,U031,B957,2026-04-06,2026-04-20,
T45647,U032,B839,2026-01-26,2026-02-09,2026-02-17
T76648,U032,B515,2026-02-25,2026-03-11,2026-03-17
T78449,U032,B442,2026-04-04,2026-04-18,2026-04-27
T61365,U032,B488,2026-02-26,2026-03-12,2026-03-10
T94362,U033,B888,2026-02-12,2026-02-26,2026-03-13
T68400,U033,B496,2026-01-17,2026-01-31,2026-01-24
T51862,U033,B489,2026-02-22,2026-03-08,2026-03-20
T29039,U034,B172,2026-02-08,2026-02-22,
T13371,U035,B612,2026-04-02,2026-04-16,
T54180,U036,B388,2026-02-15,2026-03-01,2026-03-12
T62586,U036,B872,2026-02-27,2026-03-13,2026-03-16
T73011,U037,B558,2026-01-21,2026-02-04,2026-02-07
T70584,U037,B877,2026-03-22,2026-04-05,2026-04-12
T83411,U038,B737,2026-03-14,2026-03-28,2026-04-09
T24852,U038,B998,2026-01-27,2026-02-10,2026-02-22
T69198,U038,B410,2026-03-14,2026-03-28,2026-03-25
T34888,U039,B154,2026-02-03,2026-02-17,
T19014,U039,B196,2026-02-17,2026-03-03,2026-03-12
T67049,U040,B718,2026-03-22,2026-04-05,
T21750,U040,B131,2026-03-05,2026-03-19,
T78702,U040,B918,2026-04-03,2026-04-17,2026-04-12
T39274,U041,B942,2026-03-07,2026-03-21,2026-03-30
T15372,U041,B531,2026-03-09,2026-03-23,2026-04-01
T12110,U041,B801,2026-02-06,2026-02-20,
T42312,U042,B577,2026-03-10,2026-03-24,2026-03-20
T15347,U042,B408,2026-02-07,2026-02-21,2026-02-27
T77593,U042,B585,2026-01-21,2026-02-04,2026-01-27
T44673,U043,B496,2026-01-29,2026-02-12,2026-02-22
T99240,U044,B939,2026-01-31,2026-02-14,2026-02-13
T38758,U044,B737,2026-01-09,2026-01-23,2026-01-30
T66420,U044,B587,2026-01-20,2026-02-03,2026-02-16
T31432,U045,B566,2026-03-13,2026-03-27,2026-03-31
T96134,U045,B879,2026-04-07,2026-04-21,
T13020,U045,B923,2026-03-25,2026-04-08,
T24496,U046,B862,2026-03-06,2026-03-20,2026-03-13
T13854,U046,B607,2026-03-12,2026-03-26,2026-03-17
T45157,U046,B356,2026-03-12,2026-03-26,
T53679,U047,B368,2026-04-05,2026-04-19,2026-04-14
T87092,U047,B165,2026-01-25,2026-02-08,
T65543,U047,B232,2026-01-11,2026-01-25,2026-02-05
T94530,U047,B849,2026-01-08,2026-01-22,2026-01-14
T80790,U048,B199,2026-01-07,2026-01-21,2026-01-28
T37208,U048,B263,2026-01-22,2026-02-05,2026-02-03
T66820,U048,B566,2026-04-02,2026-04-16,2026-04-11
T96140,U048,B242,2026-04-06,2026-04-20,
T83500,U049,B299,2026-01-19,2026-02-02,
T98039,U049,B230,2026-04-03,2026-04-17,2026-04-26
T59508,U050,B957,2026-01-28,2026-02-11,2026-02-15
T22726,U050,B285,2026-03-04,2026-03-18,2026-03-11
T72195,U051,B652,2026-01-26,2026-02-09,2026-02-03
T33035,U051,B857,2026-03-08,2026-03-22,
T27446,U052,B143,2026-01-10,2026-01-24,
T70728,U052,B461,2026-02-10,2026-02-24,2026-03-08
T29582,U052,B318,2026-01-28,2026-02-11,2026-02-16
T38596,U053,B270,2026-04-01,2026-04-15,
T96649,U054,B702,2026-02-19,2026-03-05,2026-03-01
T81215,U054,B721,2026-02-28,2026-03-14,2026-03-13
T51121,U055,B885,2026-03-31,2026-04-14,2026-04-17
T21857,U055,B560,2026-01-09,2026-01-23,2026-01-29
T37292,U055,B165,2026-01-25,2026-02-08,2026-02-15
T63181,U056,B605,2026-02-15,2026-03-01,2026-02-28
T97529,U056,B938,2026-03-11,2026-03-25,2026-03-26
T57867,U056,B258,2026-01-08,2026-01-22,
T77553,U057,B208,2026-01-08,2026-01-22,2026-01-27
T97299,U058,B457,2026-03-20,2026-04-03,2026-04-02
T32608,U058,B876,2026-02-04,2026-02-18,2026-02-10
T88855,U058,B196,2026-01-16,2026-01-30,2026-02-02
T32758,U058,B223,2026-02-02,2026-02-16,2026-02-18
T30643,U059,B532,2026-01-09,2026-01-23,
T35042,U059,B159,2026-01-27,2026-02-10,
T91643,U059,B836,2026-02-08,2026-02-22,
T51768,U059,B521,2026-03-22,2026-04-05,2026-04-02
T67435,U060,B660,2026-01-17,2026-01-31,2026-02-11
T80698,U060,B114,2026-03-24,2026-04-07,2026-04-11
T22067,U060,B657,2026-01-22,2026-02-05,
T10588,U060,B444,2026-01-19,2026-02-02,
T85577,U061,B480,2026-02-10,2026-02-24,2026-03-05
T39006,U061,B288,2026-03-04,2026-03-18,2026-03-27
T61127,U061,B956,2026-03-25,2026-04-08,2026-04-05
T44614,U062,B804,2026-03-26,2026-04-09,
T60557,U062,B936,2026-03-03,2026-03-17,2026-03-19
T13765,U062,B656,2026-02-19,2026-03-05,2026-02-28
T93844,U063,B202,2026-02-23,2026-03-09,2026-03-20
T38382,U064,B648,2026-02-13,2026-02-27,
T41686,U064,B943,2026-01-07,2026-01-21,2026-01-18
T60946,U064,B227,2026-03-06,2026-03-20,2026-03-26
T32152,U064,B989,2026-02-22,2026-03-08,2026-03-01
T33326,U065,B817,2026-01-31,2026-02-14,2026-02-11
T49332,U066,B363,2026-03-12,2026-03-26,2026-03-25
T77043,U066,B869,2026-01-14,2026-01-28,
T13076,U066,B726,2026-02-28,2026-03-14,2026-03-18
T16729,U067,B587,2026-01-16,2026-01-30,2026-02-15
T57399,U067,B728,2026-03-14,2026-03-28,
T62335,U067,B929,2026-03-28,2026-04-11,2026-04-19
T78070,U068,B824,2026-03-18,2026-04-01,
T20532,U068,B286,2026-02-23,2026-03-09,
T12991,U068,B788,2026-02-14,2026-02-28,2026-03-04
T88409,U068,B760,2026-03-23,2026-04-06,2026-04-01
T48675,U069,B721,2026-03-23,2026-04-06,2026-03-29
T49193,U069,B126,2026-03-18,2026-04-01,2026-03-27
T66975,U069,B789,2026-03-05,2026-03-19,2026-03-26
T77993,U069,B488,2026-01-22,2026-02-05,2026-01-30
T22385,U070,B370,2026-03-14,2026-03-28,2026-03-28
T48266,U070,B705,2026-01-14,2026-01-28,
T57314,U071,B112,2026-03-14,2026-03-28,2026-04-03
T73572,U072,B126,2026-01-22,2026-02-05,2026-02-15
T85950,U072,B124,2026-03-02,2026-03-16,2026-03-13
T16772,U072,B544,2026-03-30,2026-04-13,2026-04-12
T39900,U073,B465,2026-02-05,2026-02-19,2026-03-05
T77246,U074,B514,2026-01-14,2026-01-28,
T26137,U074,B368,2026-02-03,2026-02-17,2026-02-23
T95236,U074,B896,2026-04-01,2026-04-15,2026-04-13
T34029,U074,B842,2026-02-19,2026-03-05,2026-03-11
T98746,U075,B197,2026-02-24,2026-03-10,2026-03-22
T66427,U075,B202,2026-02-04,2026-02-18,2026-02-16
T87749,U075,B212,2026-02-17,2026-03-03,2026-03-16
T72609,U075,B388,2026-01-16,2026-01-30,
T66759,U076,B519,2026-04-05,2026-04-19,2026-05-02
T52648,U076,B835,2026-03-13,2026-03-27,2026-04-02
T79567,U077,B137,2026-02-20,2026-03-06,2026-03-06
T18736,U077,B661,2026-03-10,2026-03-24,
T48407,U078,B400,2026-03-28,2026-04-11,2026-04-23
T48290,U079,B750,2026-02-10,2026-02-24,2026-03-12
T26241,U080,B459,2026-02-21,2026-03-07,2026-02-26
T28201,U080,B563,2026-02-08,2026-02-22,2026-02-14
T11118,U080,B455,2026-02-07,2026-02-21,2026-03-09
T96906,U081,B604,2026-02-23,2026-03-09,
T29732,U082,B900,2026-02-12,2026-02-26,
T91157,U082,B709,2026-03-15,2026-03-29,
T89067,U082,B265,2026-03-22,2026-04-05,2026-04-07
T55431,U082,B182,2026-03-25,2026-04-08,
T11921,U083,B600,2026-03-27,2026-04-10,2026-04-05
T22731,U084,B888,2026-02-28,2026-03-14,2026-03-11
T40277,U084,B208,2026-02-11,2026-02-25,2026-02-17
T96657,U085,B263,2026-02-20,2026-03-06,2026-03-20
T76906,U086,B913,2026-03-10,2026-03-24,
T82049,U086,B185,2026-02-17,2026-03-03,2026-02-25
T27597,U086,B388,2026-03-30,2026-04-13,2026-04-10
T35969,U087,B391,2026-02-26,2026-03-12,2026-03-12
T85873,U087,B415,2026-03-15,2026-03-29,2026-04-01
T55589,U087,B981,2026-03-30,2026-04-13,2026-04-27
T17040,U088,B270,2026-03-13,2026-03-27,
T66660,U088,B560,2026-01-07,2026-01-21,2026-01-15
T66738,U089,B544,2026-01-25,2026-02-08,2026-02-24
T41388,U089,B365,2026-02-18,2026-03-04,2026-03-07
T94641,U089,B445,2026-02-16,2026-03-02,
T11384,U089,B780,2026-04-05,2026-04-19,
T95172,U090,B874,2026-03-20,2026-04-03,2026-04-17
T89346,U090,B316,2026-04-05,2026-04-19,2026-04-26
T98910,U091,B186,2026-01-27,2026-02-10,
T45575,U091,B673,2026-01-21,2026-02-04,
T84278,U091,B249,2026-01-22,2026-02-05,2026-02-08
T67046,U092,B418,2026-01-11,2026-01-25,2026-02-06
T15253,U092,B488,2026-04-02,2026-04-16,2026-05-02
T96007,U093,B288,2026-03-11,2026-03-25,2026-03-27
T92309,U093,B958,2026-03-12,2026-03-26,2026-03-28
T47306,U093,B473,2026-01-28,2026-02-11,
T83473,U093,B386,2026-02-28,2026-03-14,2026-03-11
T91995,U094,B277,2026-03-01,2026-03-15,
T14861,U094,B865,2026-02-09,2026-02-23,2026-02-22
T84056,U094,B691,2026-02-14,2026-02-28,2026-02-21
T48402,U094,B632,2026-02-04,2026-02-18,2026-02-27
T73618,U095,B332,2026-01-17,2026-01-31,
T93754,U095,B148,2026-02-21,2026-03-07,2026-03-05
T57555,U095,B641,2026-02-04,2026-02-18,2026-03-01
T50638,U095,B843,2026-02-07,2026-02-21,2026-03-04
T11279,U096,B137,2026-03-27,2026-04-10,2026-04-13
T17808,U097,B672,2026-04-03,2026-04-17,
T68197,U097,B564,2026-03-12,2026-03-26,2026-03-21
T33496,U097,B507,2026-02-09,2026-02-23,
T93187,U098,B698,2026-01-09,2026-01-23,
T66666,U098,B319,2026-02-11,2026-02-25,2026-03-02
T62084,U098,B405,2026-02-26,2026-03-12,
T24601,U098,B258,2026-03-16,2026-03-30,2026-04-03
T13300,U099,B253,2026-02-23,2026-03-09,2026-03-10
T73058,U099,B239,2026-03-15,2026-03-29,
T75538,U099,B333,2026-03-10,2026-03-24,2026-03-25
T24434,U099,B291,2026-02-11,2026-02-25,
T12677,U100,B413,2026-03-19,2026-04-02,2026-03-28
T25273,U100,B680,2026-01-18,2026-02-01,2026-01-27
T88189,U101,B557,2026-03-17,2026-03-31,2026-03-22
T59453,U101,B287,2026-03-06,2026-03-20,
T59459,U102,B173,2026-02-27,2026-03-13,2026-03-12
T19335,U102,B899,2026-04-02,2026-04-16,2026-04-25
T30741,U103,B231,2026-02-12,2026-02-26,2026-03-07
T27105,U103,B977,2026-02-16,2026-03-02,2026-03-09
T97963,U103,B639,2026-03-12,2026-03-26,2026-03-31
T74037,U104,B780,2026-03-17,2026-03-31,2026-04-12
T29286,U104,B975,2026-02-02,2026-02-16,2026-02-16
T94821,U104,B494,2026-01-07,2026-01-21,
T24877,U104,B612,2026-01-16,2026-01-30,
T67923,U105,B871,2026-03-18,2026-04-01,2026-04-14
T68271,U105,B460,2026-02-05,2026-02-19,
T46272,U105,B546,2026-03-06,2026-03-20,
T84480,U105,B575,2026-03-29,2026-04-12,2026-04-11
T73466,U106,B531,2026-02-24,2026-03-10,
T91016,U106,B607,2026-02-27,2026-03-13,2026-03-05
T17475,U106,B758,2026-01-29,2026-02-12,
T34986,U106,B400,2026-02-22,2026-03-08,2026-03-02
T32489,U107,B329,2026-02-22,2026-03-08,
T44929,U107,B356,2026-02-19,2026-03-05,2026-03-20
T32849,U107,B265,2026-03-16,2026-03-30,2026-04-11
T58049,U107,B453,2026-02-19,2026-03-05,2026-03-15
T94313,U108,B900,2026-02-18,2026-03-04,2026-03-13
T83167,U108,B380,2026-02-25,2026-03-11,2026-03-08
T12239,U108,B157,2026-02-01,2026-02-15,2026-02-19
T27755,U108,B644,2026-02-01,2026-02-15,2026-02-26
T12414,U109,B671,2026-01-30,2026-02-13,
T51464,U110,B322,2026-03-10,2026-03-24,2026-04-03
T66675,U110,B850,2026-02-09,2026-02-23,
T24474,U110,B336,2026-03-12,2026-03-26,2026-03-21
T55726,U110,B685,2026-02-28,2026-03-14,
T98888,U111,B509,2026-01-14,2026-01-28,2026-02-12
T98548,U112,B249,2026-03-12,2026-03-26,
T98147,U113,B256,2026-03-14,2026-03-28,2026-03-19
T18861,U114,B741,2026-01-29,2026-02-12,
T60135,U115,B980,2026-02-20,2026-03-06,2026-03-18
T63681,U115,B299,2026-04-07,2026-04-21,
T64001,U116,B934,2026-02-02,2026-02-16,2026-02-14
T26172,U117,B162,2026-03-01,2026-03-15,2026-03-17
T73758,U117,B709,2026-03-16,2026-03-30,2026-03-23
T56472,U117,B175,2026-01-11,2026-01-25,2026-01-30
T79865,U118,B916,2026-02-13,2026-02-27,2026-03-03
T71271,U119,B388,2026-02-22,2026-03-08,
T30516,U119,B560,2026-02-12,2026-02-26,
T89084,U120,B735,2026-01-26,2026-02-09,
T58266,U121,B103,2026-02-28,2026-03-14,2026-03-13
T84698,U121,B931,2026-04-01,2026-04-15,2026-04-15
T88259,U121,B451,2026-03-13,2026-03-27,
T10952,U121,B339,2026-01-21,2026-02-04,
T83207,U122,B376,2026-04-03,2026-04-17,2026-04-21
T34789,U123,B650,2026-01-14,2026-01-28,2026-01-25
T72148,U123,B901,2026-02-17,2026-03-03,
T69231,U123,B261,2026-02-28,2026-03-14,2026-03-06
T10543,U123,B132,2026-01-21,2026-02-04,2026-02-13
T31647,U124,B611,2026-02-23,2026-03-09,2026-03-15
T36845,U124,B697,2026-01-19,2026-02-02,2026-02-03
T74823,U124,B714,2026-02-01,2026-02-15,
T67569,U124,B756,2026-01-12,2026-01-26,2026-02-02
T26709,U125,B123,2026-02-03,2026-02-17,
T70460,U125,B802,2026-01-21,2026-02-04,2026-02-08
T34252,U125,B101,2026-03-17,2026-03-31,2026-04-08
T69897,U125,B549,2026-01-16,2026-01-30,2026-02-14
T39836,U126,B760,2026-03-02,2026-03-16,2026-03-16
T43214,U126,B188,2026-02-07,2026-02-21,2026-02-20
T15680,U126,B582,2026-02-11,2026-02-25,2026-03-11
T80785,U127,B695,2026-03-24,2026-04-07,2026-04-17
T13788,U127,B597,2026-03-14,2026-03-28,2026-04-04
T13560,U127,B920,2026-03-05,2026-03-19,2026-03-31
T79475,U127,B568,2026-02-12,2026-02-26,2026-02-24
T65577,U128,B247,2026-03-12,2026-03-26,2026-03-27
T97033,U128,B966,2026-03-01,2026-03-15,2026-03-09
T64467,U129,B754,2026-03-07,2026-03-21,2026-03-30
T85401,U129,B719,2026-02-06,2026-02-20,2026-02-26
T97743,U129,B518,2026-03-12,2026-03-26,2026-03-24
T31944,U129,B376,2026-04-05,2026-04-19,
T16968,U130,B968,2026-03-16,2026-03-30,2026-03-22
T52386,U130,B311,2026-02-16,2026-03-02,2026-03-12
T24646,U130,B769,2026-01-30,2026-02-13,2026-03-01
T24859,U131,B932,2026-03-10,2026-03-24,
T20194,U131,B300,2026-03-08,2026-03-22,2026-03-26
T83071,U131,B217,2026-04-07,2026-04-21,2026-04-13
T59006,U132,B629,2026-02-12,2026-02-26,2026-02-26
T20418,U132,B244,2026-03-22,2026-04-05,
T24198,U132,B892,2026-01-31,2026-02-14,2026-02-08
T85907,U133,B820,2026-01-17,2026-01-31,
T25722,U134,B225,2026-01-15,2026-01-29,2026-01-31
T89840,U134,B882,2026-04-04,2026-04-18,
T93854,U135,B813,2026-03-20,2026-04-03,2026-04-19
T15638,U135,B931,2026-03-25,2026-04-08,
T96961,U136,B395,2026-01-30,2026-02-13,2026-02-10
T77760,U136,B536,2026-02-21,2026-03-07,2026-03-01
T17295,U136,B329,2026-02-03,2026-02-17,2026-03-05
T43635,U136,B716,2026-03-30,2026-04-13,2026-04-12
T63237,U137,B838,2026-03-07,2026-03-21,2026-04-01
T74641,U138,B230,2026-01-19,2026-02-02,2026-02-03
T73744,U138,B136,2026-04-07,2026-04-21,2026-04-22
T71835,U139,B500,2026-02-03,2026-02-17,2026-02-26
T32925,U139,B337,2026-01-09,2026-01-23,
T19560,U139,B408,2026-03-11,2026-03-25,
T63702,U139,B408,2026-02-12,2026-02-26,
T61146,U140,B567,2026-02-26,2026-03-12,2026-03-20
T34174,U140,B602,2026-03-29,2026-04-12,2026-04-08
T60185,U141,B883,2026-03-30,2026-04-13,
T31038,U141,B570,2026-04-02,2026-04-16,
T42233,U141,B165,2026-03-06,2026-03-20,
T92779,U141,B681,2026-02-19,2026-03-05,2026-03-16
T37674,U142,B570,2026-01-28,2026-02-11,2026-02-03
T20997,U143,B728,2026-01-27,2026-02-10,
T15767,U143,B690,2026-01-23,2026-02-06,
T93633,U143,B359,2026-01-21,2026-02-04,
T40222,U143,B706,2026-02-01,2026-02-15,
T91713,U144,B876,2026-04-07,2026-04-21,
T51060,U144,B304,2026-02-11,2026-02-25,2026-03-10
T16771,U144,B158,2026-02-26,2026-03-12,
T22773,U144,B745,2026-03-14,2026-03-28,2026-04-02
T32148,U145,B232,2026-04-03,2026-04-17,2026-04-29
T73482,U145,B223,2026-03-25,2026-04-08,2026-03-30
T85148,U145,B541,2026-02-06,2026-02-20,2026-02-18
T77237,U145,B902,2026-01-19,2026-02-02,2026-01-30
T32389,U146,B410,2026-01-15,2026-01-29,2026-02-07
T16850,U146,B615,2026-02-19,2026-03-05,2026-02-24
T18832,U146,B686,2026-03-21,2026-04-04,2026-04-11
T88136,U146,B592,2026-03-03,2026-03-17,2026-03-26
T68094,U147,B230,2026-02-24,2026-03-10,2026-03-13
T26240,U147,B546,2026-02-18,2026-03-04,2026-03-02
T32712,U147,B918,2026-04-01,2026-04-15,2026-04-17
T60869,U148,B322,2026-01-08,2026-01-22,2026-01-18
T66647,U148,B106,2026-01-15,2026-01-29,
T66536,U148,B818,2026-03-12,2026-03-26,
T34655,U148,B780,2026-01-21,2026-02-04,2026-01-28
T41303,U149,B711,2026-01-08,2026-01-22,2026-01-14
T40220,U150,B433,2026-02-13,2026-02-27,2026-03-13
T59401,U151,B465,2026-01-13,2026-01-27,2026-01-28
T12986,U151,B141,2026-01-22,2026-02-05,2026-02-02
T60245,U152,B451,2026-04-01,2026-04-15,2026-04-26
T79099,U152,B914,2026-03-13,2026-03-27,
T48697,U152,B539,2026-03-07,2026-03-21,
T43970,U152,B788,2026-01-21,2026-02-04,2026-02-12
T18215,U153,B643,2026-02-10,2026-02-24,2026-03-05
T49413,U154,B254,2026-02-17,2026-03-03,
T36300,U154,B615,2026-01-29,2026-02-12,
T93400,U155,B229,2026-01-30,2026-02-13,2026-02-11
T53131,U155,B658,2026-02-16,2026-03-02,2026-02-21
T65539,U155,B184,2026-04-04,2026-04-18,
T63870,U155,B578,2026-01-10,2026-01-24,2026-02-01
T50575,U156,B456,2026-02-13,2026-02-27,
T55345,U157,B592,2026-02-17,2026-03-03,2026-03-05
T53926,U158,B924,2026-02-09,2026-02-23,2026-03-09
T87105,U158,B391,2026-03-04,2026-03-18,2026-03-13
T49022,U159,B540,2026-02-02,2026-02-16,2026-02-07
T64954,U160,B926,2026-03-24,2026-04-07,
T10812,U160,B574,2026-02-21,2026-03-07,
T44895,U160,B981,2026-03-16,2026-03-30,2026-03-22
T33343,U160,B937,2026-01-14,2026-01-28,
T97595,U161,B223,2026-02-27,2026-03-13,2026-03-22
T44640,U162,B953,2026-01-26,2026-02-09,
T79226,U162,B334,2026-04-07,2026-04-21,
T22688,U162,B690,2026-04-02,2026-04-16,
T45461,U162,B281,2026-02-02,2026-02-16,2026-02-23
T33949,U163,B620,2026-02-06,2026-02-20,2026-03-07
T52377,U163,B338,2026-01-30,2026-02-13,
T48751,U163,B879,2026-03-16,2026-03-30,
T20237,U163,B595,2026-03-13,2026-03-27,2026-03-21
T54130,U164,B388,2026-02-11,2026-02-25,2026-02-17
T92861,U164,B559,2026-04-04,2026-04-18,2026-04-10
T84009,U165,B587,2026-02-19,2026-03-05,2026-03-13
T12034,U165,B673,2026-02-05,2026-02-19,2026-02-21
T38435,U165,B441,2026-04-05,2026-04-19,2026-04-14
T90684,U165,B563,2026-02-27,2026-03-13,2026-03-11
T68945,U166,B646,2026-03-15,2026-03-29,2026-03-24
T55541,U166,B622,2026-03-12,2026-03-26,2026-04-02
T64104,U166,B503,2026-03-10,2026-03-24,
T90928,U166,B738,2026-02-19,2026-03-05,2026-02-25
T38870,U167,B683,2026-02-04,2026-02-18,2026-02-25
T87368,U167,B922,2026-01-27,2026-02-10,2026-02-21
T10841,U168,B163,2026-03-25,2026-04-08,2026-04-03
T64276,U168,B236,2026-01-17,2026-01-31,2026-01-27
T60511,U168,B986,2026-03-23,2026-04-06,2026-04-10
T10904,U168,B873,2026-01-07,2026-01-21,2026-01-14
T11909,U169,B292,2026-02-26,2026-03-12,2026-03-18
T54754,U169,B586,2026-03-10,2026-03-24,
T70570,U169,B185,2026-03-07,2026-03-21,2026-03-31
T25772,U169,B343,2026-01-19,2026-02-02,
T65457,U170,B715,2026-04-01,2026-04-15,
T98283,U170,B646,2026-01-18,2026-02-01,2026-01-24
T34721,U170,B591,2026-01-07,2026-01-21,2026-01-31
T78774,U171,B911,2026-02-01,2026-02-15,2026-02-19
T81548,U171,B338,2026-01-08,2026-01-22,2026-01-27
T79062,U171,B776,2026-02-02,2026-02-16,2026-02-21
T83620,U171,B596,2026-04-01,2026-04-15,2026-04-17
T28740,U172,B471,2026-02-16,2026-03-02,2026-02-25
T48301,U172,B737,2026-02-04,2026-02-18,2026-02-25
T69260,U173,B767,2026-01-26,2026-02-09,2026-02-13
T75794,U173,B539,2026-03-01,2026-03-15,
T18404,U173,B228,2026-03-07,2026-03-21,2026-03-13
T76508,U174,B148,2026-02-26,2026-03-12,2026-03-25
T56212,U174,B672,2026-02-10,2026-02-24,2026-03-11
T40161,U174,B524,2026-02-21,2026-03-07,2026-03-08
T70417,U175,B430,2026-03-22,2026-04-05,2026-03-29
T57500,U175,B257,2026-03-13,2026-03-27,
T30468,U176,B344,2026-04-06,2026-04-20,
T48239,U176,B729,2026-01-19,2026-02-02,2026-02-18
T72961,U177,B655,2026-03-09,2026-03-23,
T63822,U178,B293,2026-01-27,2026-02-10,2026-02-25
T78003,U178,B128,2026-04-05,2026-04-19,2026-04-29
T60956,U178,B292,2026-03-13,2026-03-27,
T43501,U179,B486,2026-01-21,2026-02-04,2026-02-09
T74584,U180,B271,2026-04-02,2026-04-16,2026-04-07
T73718,U180,B669,2026-03-11,2026-03-25,2026-04-04
T28157,U180,B698,2026-02-27,2026-03-13,2026-03-14
T17668,U180,B934,2026-03-28,2026-04-11,2026-04-18
T56721,U181,B262,2026-02-08,2026-02-22,
T32626,U181,B127,2026-03-25,2026-04-08,2026-04-13
T84847,U182,B536,2026-03-31,2026-04-14,2026-04-28
T68039,U182,B394,2026-02-03,2026-02-17,2026-02-22
T52336,U183,B352,2026-02-25,2026-03-11,2026-03-04
T99966,U183,B185,2026-01-31,2026-02-14,
T35029,U183,B963,2026-01-19,2026-02-02,2026-02-09
T43138,U184,B969,2026-03-02,2026-03-16,2026-03-18
T64260,U184,B812,2026-01-22,2026-02-05,2026-02-05
T88001,U184,B777,2026-04-06,2026-04-20,2026-04-12
T88868,U185,B442,2026-03-04,2026-03-18,
T50753,U185,B673,2026-02-15,2026-03-01,2026-02-22
T77792,U185,B764,2026-03-09,2026-03-23,
T48333,U186,B726,2026-01-13,2026-01-27,2026-02-11
T32636,U186,B267,2026-01-23,2026-02-06,
T31987,U187,B384,2026-02-21,2026-03-07,2026-02-26
T55013,U187,B106,2026-02-12,2026-02-26,2026-02-22
T70185,U187,B311,2026-03-22,2026-04-05,
T93123,U188,B828,2026-03-18,2026-04-01,
T68667,U188,B505,2026-04-03,2026-04-17,
T40298,U188,B316,2026-02-04,2026-02-18,
T53211,U188,B548,2026-03-08,2026-03-22,
T20104,U189,B126,2026-02-11,2026-02-25,2026-02-26
T79767,U189,B354,2026-03-02,2026-03-16,2026-03-09
T89608,U190,B601,2026-03-27,2026-04-10,2026-04-26
T69709,U190,B801,2026-02-10,2026-02-24,2026-03-04
T79929,U190,B102,2026-01-25,2026-02-08,2026-02-19
T56077,U190,B267,2026-01-12,2026-01-26,2026-01-30
T31146,U191,B602,2026-03-22,2026-04-05,2026-04-03
T71506,U191,B982,2026-01-29,2026-02-12,2026-02-26
T16356,U191,B665,2026-01-30,2026-02-13,2026-03-01
T97327,U192,B508,2026-03-23,2026-04-06,2026-04-02
T23473,U192,B915,2026-03-16,2026-03-30,2026-03-24
T25901,U192,B351,2026-02-28,2026-03-14,2026-03-21
T65500,U193,B533,2026-02-25,2026-03-11,
T94055,U193,B857,2026-01-17,2026-01-31,2026-02-01
T64871,U193,B868,2026-03-14,2026-03-28,
T70566,U193,B350,2026-02-19,2026-03-05,
T11533,U194,B875,2026-01-13,2026-01-27,2026-02-04
T17207,U194,B144,2026-04-06,2026-04-20,2026-04-21
T69778,U195,B364,2026-03-02,2026-03-16,
T10727,U196,B498,2026-01-22,2026-02-05,2026-02-13
T90941,U196,B334,2026-03-06,2026-03-20,
T99686,U197,B889,2026-01-22,2026-02-05,
T95636,U197,B307,2026-01-25,2026-02-08,2026-02-14
T85496,U197,B544,2026-04-02,2026-04-16,
T54685,U197,B107,2026-01-16,2026-01-30,
T91866,U198,B832,2026-03-09,2026-03-23,2026-03-22
T70977,U198,B515,2026-02-16,2026-03-02,2026-02-25
T18233,U199,B212,2026-03-16,2026-03-30,2026-03-31
T59226,U200,B692,2026-03-01,2026-03-15,
T86001,U200,B459,2026-02-12,2026-02-26,2026-03-11
T75473,U200,B189,2026-04-01,2026-04-15,2026-04-25
T39587,U200,B602,2026-02-21,2026-03-07,2026-03-15
